update,environment_steps,completed_episodes,mean_episode_return,success_rate,mean_distance,policy_kl,clip_fraction,policy_std_x,policy_std_y
1,4096,124,-26.7156989775,0,1.20165178274,0.00838243626502,0.100341796875,0.543983189908,0.533589298046
2,8192,110,-26.3953971357,0,1.19617521721,0.0106482436508,0.13232421875,0.545411018051,0.516147383128
3,12288,90,-24.7927318533,0,2.10155844816,0.00842819812449,0.118896484375,0.537742550476,0.511609783507
4,16384,73,-24.1884144181,0,2.07765120492,0.00906034241315,0.12744140625,0.54228118674,0.508458500442
5,20480,51,-21.2645794905,0,3.36191634703,0.00917659529122,0.121337890625,0.5293110712,0.500174175541
6,24576,42,-19.3119936629,0,4.21096398889,0.00692056975719,0.0869140625,0.524022789574,0.499185036268
7,28672,24,-9.15468005843,0,8.26459394679,0.00588528955492,0.067626953125,0.526390348772,0.500851106224
8,32768,17,8.92439355844,0,17.0088614245,0.00676040800517,0.083251953125,0.513808071201,0.494123578788
9,36864,13,34.6508777173,0,27.1958690691,0.00673718755673,0.08935546875,0.525348009785,0.507153605908
10,40960,11,66.6881315777,0,38.6149473364,0.0105040467329,0.153076171875,0.526342681865,0.494905669413
11,45056,15,37.4480081745,0,34.715689249,0.00871680851957,0.11474609375,0.544880457948,0.498624139672
12,49152,15,72.4033387994,0.4,47.8337485706,0.00989320689885,0.1298828125,0.534738029634,0.492553390471
13,53248,12,117.126404195,0.916666666667,63.4023053616,0.0117164897428,0.16650390625,0.523204815685,0.482828306722
14,57344,16,105.193905886,0.875,59.4613407706,0.0111005714639,0.16455078125,0.523060403447,0.490344586448
15,61440,16,117.566385785,1,64.131635956,0.0326398342536,0.422119140625,0.520743139775,0.488686237162
16,65536,21,110.957310912,0.952380952381,64.0911484762,0.0115339305424,0.15869140625,0.504682273098,0.485799860895
17,69632,23,109.921419573,0.95652173913,63.8874865265,0.00882841214401,0.0927734375,0.488321251614,0.484093342984
18,73728,26,96.4634016058,0.807692307692,60.9186721892,0.00880635277116,0.099853515625,0.469104277647,0.489404259234
19,77824,31,72.0619601022,0.548387096774,53.542749248,0.00723050657033,0.09375,0.453895738923,0.49218808741
20,81920,27,97.4332131603,0.814814814815,61.6456157932,0.00913593509679,0.123779296875,0.442745564601,0.492252145156
21,86016,28,107.947855665,0.964285714286,63.6217142706,0.00573682440781,0.05859375,0.42961317086,0.499951690616
22,90112,29,102.91385426,0.896551724138,62.7617565207,0.00579368563141,0.066162109375,0.420486035386,0.498125680011
23,94208,29,110.481471036,1,64.2914083265,0.0086160449333,0.095703125,0.406609943931,0.490230222451
24,98304,31,102.678967034,0.903225806452,62.4864789132,0.00769906726281,0.09765625,0.405008910182,0.504794960936
25,102400,30,110.233472294,1,64.2217211476,0.00744253050762,0.10400390625,0.404346226329,0.501166481295
26,106496,32,110.03566282,1,64.242335602,0.00683600966958,0.083984375,0.394444529289,0.509511964768
27,110592,31,109.706822347,1,64.2408442051,0.00483446455918,0.047119140625,0.38911330319,0.503953045525
28,114688,33,109.602967715,1,64.3109946537,0.00818767186428,0.0966796875,0.372370808788,0.508675429837
29,118784,33,109.535050904,1,64.3365069838,0.00568185826846,0.0595703125,0.380052581195,0.526718928096
30,122880,33,106.038430525,0.969696969697,63.026296077,0.00357685748767,0.033203125,0.377278024393,0.527311897764
31,126976,34,109.356852538,1,64.2845077487,0.00706686015533,0.078857421875,0.362630042707,0.51537371698
32,131072,33,109.300468553,1,64.3338823679,0.00610984951767,0.0595703125,0.357581855558,0.498379667324
33,135168,34,107.465282429,0.970588235294,64.2147644846,0.00420739649139,0.04345703125,0.357149379695,0.49818424903
34,139264,35,109.162070551,1,64.3785907043,0.00502594165109,0.056396484375,0.355763197437,0.501250311971
35,143360,34,109.072951816,1,64.3100780209,0.00441218879182,0.0439453125,0.354362332985,0.491180304032
36,147456,34,109.215813573,1,64.3516632464,0.00476590382829,0.051513671875,0.350676032877,0.484860164709
37,151552,35,109.059254765,1,64.3321828043,0.00342648563572,0.029052734375,0.343467417454,0.487031502432
38,155648,34,109.127822765,1,64.3428640085,0.00303021606717,0.024169921875,0.346816475172,0.492945426885
39,159744,34,109.03461844,1,64.2755588708,0.00892979267947,0.104248046875,0.336054412823,0.484861183404
40,163840,34,109.25735038,1,64.3211273141,0.00648662278464,0.0712890625,0.323663431289,0.482282001443
41,167936,34,109.322805782,1,64.3293057014,0.00650084065171,0.0810546875,0.323820994439,0.473579694347
42,172032,34,109.504602554,1,64.2707390423,0.00615470122615,0.07470703125,0.334097616503,0.461071117753
43,176128,33,109.583939445,1,64.272031426,0.00662403789542,0.0859375,0.338808544815,0.455497534464
44,180224,33,109.669691514,1,64.2575920991,0.00713384542169,0.09033203125,0.333050115321,0.450041784623
45,184320,33,109.841934923,1,64.2877690111,0.00538723478381,0.048828125,0.325619984544,0.445887664961
46,188416,32,110.015604669,1,64.2640392953,0.00441593735931,0.04052734375,0.32392787108,0.438046921769
47,192512,31,110.339699582,1,64.2938954838,0.00362606156036,0.03173828125,0.325062385943,0.430401020661
48,196608,32,110.147282142,1,64.2203253843,0.00982541808631,0.141845703125,0.320577329794,0.437008224288
49,200704,31,110.462989031,1,64.2771007068,0.00466956256427,0.046630859375,0.319898589134,0.429954216318
50,204800,31,110.414247197,1,64.2165214589,0.00896758708715,0.110107421875,0.313005391914,0.420629154396
51,208896,30,110.676115132,1,64.2636942243,0.00566061002331,0.0673828125,0.30796960857,0.418163449914
52,212992,31,110.743466306,1,64.2131670749,0.00551054268198,0.05810546875,0.298374560259,0.412511065544
53,217088,30,110.76031216,1,64.2048401516,0.0063606502042,0.07373046875,0.289920777858,0.411534036561
54,221184,30,111.106631741,1,64.2398590064,0.00408337134546,0.03955078125,0.294613246832,0.411428114574
55,225280,29,111.011649659,1,64.173596626,0.00322561607287,0.027587890625,0.295310153568,0.414467419642
56,229376,30,111.198134398,1,64.2360581747,0.00484448531398,0.04638671875,0.287817392693,0.40580874975
57,233472,29,111.17363945,1,64.2102171242,0.00724893349909,0.085693359375,0.284344783677,0.400351344752
58,237568,28,111.522449783,1,64.1842583384,0.00384667906816,0.03466796875,0.279141635118,0.392894778685
59,241664,29,111.609912454,1,64.187662779,0.00372075574431,0.03466796875,0.282747796624,0.387513897455
60,245760,28,111.68346387,1,64.1995956586,0.00527529300123,0.048828125,0.280969064783,0.375733454251
61,249856,29,111.550002415,1,64.1297351763,0.00433310891369,0.04248046875,0.276498061464,0.368634177442
62,253952,28,111.743387611,1,64.1837353927,0.00306892326546,0.019775390625,0.2717259235,0.362680919364
63,258048,28,111.746363421,1,64.197038087,0.00513467140388,0.06103515625,0.272730816696,0.357059346064
64,262144,29,111.800115789,1,64.1899318075,0.00835181011129,0.10791015625,0.266753241253,0.364496990006
